Workbook

Sheet Register
A1: Disc | B1: Discipline | C1: Seq | D1: Sub-category | E1: Code | F1: Code (new) | G1: Item | H1: Location | I1: Manufacturer | J1: Model | K1: Qty | L1: Qty (raw) | M1: Unit | N1: Drawing ref | O1: Spec status | P1: Approved | Q1: Procured | R1: Spec URL | S1: Folder URL | T1: Notes | U1: Source sheet | V1: Source row | W1: Updated | X1: Updated by | Y1: id (uuid)
A2: 01 | B2: Plaster | C2: 1 | D2: Plaster Finishes | E2: PLEX-01 | G2: Plaster Exterior Walls | H2: Exterior Walls | K2: 1548 | M2: SF | O2: unknown | P2: not_started | Q2: not_started | U2: 01 Plaster | V2: 5 | W2: 46272.719 | X2: system | Y2: 63fff325-be01-5880-913d-ef548c34cbbf
A3: 01 | B3: Plaster | C3: 2 | D3: Plaster Finishes | E3: PLEX-02 | G3: Plaster Exterior Ceilings | H3: Exterior Ceilings | K3: 265 | M3: SF | O3: unknown | P3: not_started | Q3: not_started | U3: 01 Plaster | V3: 6 | W3: 46272.719 | X3: system | Y3: eb7c3874-d7c9-5461-8eb8-f3e95bfb4c2e
A4: 01 | B4: Plaster | C4: 3 | D4: Plaster Finishes | E4: PLIN-01 | G4: Plaster Interior Ceilings | H4: Interior Ceilings | K4: 785 | M4: SF | O4: unknown | P4: not_started | Q4: not_started | U4: 01 Plaster | V4: 7 | W4: 46272.719 | X4: system | Y4: dc7a9b12-9cef-5abf-ac22-02044a8572f3
A5: 01 | B5: Plaster | C5: 4 | D5: Plaster Finishes | E5: PLIN-02 | G5: Plaster Interior Walls | H5: Interior Walls | K5: 396 | M5: SF | O5: unknown | P5: not_started | Q5: not_started | U5: 01 Plaster | V5: 8 | W5: 46272.719 | X5: system | Y5: 04436236-90f5-5e74-8b95-b4053e06b576
A6: 02 | B6: Stone | C6: 5 | D6: Natural Stone | E6: Creme du Provence | G6: Creme du Provence — Column 1-7 cladding (40mm) + Bathroom Vanity legs B3, B4 (20mm) | H6: Column 1-7 cladding (40mm) + Bathroom Vanity legs B3, B4 (20mm) | J6: Millwork schedule | K6: 80 | M6: pcs | O6: unknown | P6: not_started | Q6: not_started | U6: 02 Stone | V6: 5 | W6: 46272.719 | X6: system | Y6: d3fa2585-ee67-5630-a27c-298a1135f6f4
A7: 02 | B7: Stone | C7: 6 | D7: Natural Stone | E7: Mocca Cafe | G7: Mocca Cafe — Bathroom Vanity countertop B1 + cover strips; Nightstands (left and right) | H7: Bathroom Vanity countertop B1 + cover strips; Nightstands (left and right) | J7: Millwork schedule | K7: 15 | M7: pcs | O7: unknown | P7: not_started | Q7: not_started | U7: 02 Stone | V7: 6 | W7: 46272.719 | X7: system | Y7: da864731-593d-51ab-8dc7-62996a28cb6e
A8: 02 | B8: Stone | C8: 7 | D8: Natural Stone | E8: Ocean Black Bricks | G8: Ocean Black Bricks — Entrance platform and steps, entrance inside, bathroom, walk-in closet, bedroom, terrace and step - 12 zones | H8: Entrance platform and steps, entrance inside, bathroom, walk-in closet, bedroom, terrace and step - 12 zones | J8: Floor / pool take-off | K8: 3370 | M8: pcs | O8: unknown | P8: not_started | Q8: not_started | U8: 02 Stone | V8: 7 | W8: 46272.719 | X8: system | Y8: 097b416f-ba33-509b-b2f1-3adeb58dd91d
A9: 02 | B9: Stone | C9: 8 | D9: Natural Stone | E9: Ocean Black Slabs | G9: Ocean Black Slabs — WC and indoor shower pans, small pan, drain covers, threshold strip, rinse showers | H9: WC and indoor shower pans, small pan, drain covers, threshold strip, rinse showers | J9: Floor / pool take-off | K9: 10 | M9: pcs | O9: unknown | P9: not_started | Q9: not_started | U9: 02 Stone | V9: 8 | W9: 46272.719 | X9: system | Y9: 524aab62-1594-5bb1-9de4-0f82f0cda315
A10: 02 | B10: Stone | C10: 9 | D10: Natural Stone | E10: Red Soraya Travertine | G10: Red Soraya Travertine — Mini Bar Cabinetry; Closets Behind the Bed (20mm, built up to 76mm) | H10: Mini Bar Cabinetry; Closets Behind the Bed (20mm, built up to 76mm) | J10: Millwork schedule | K10: 18 | M10: pcs | O10: unknown | P10: not_started | Q10: not_started | U10: 02 Stone | V10: 9 | W10: 46272.719 | X10: system | Y10: 0444f5e6-227e-550d-99f2-f4c9c3dba535
A11: 02 | B11: Stone | C11: 10 | D11: Natural Stone | E11: Sukabumi Slabs | G11: Sukabumi Slabs — Pool floors and stair steps, deep walls and stair risers, shallow walls, through-basin walls | H11: Pool floors and stair steps, deep walls and stair risers, shallow walls, through-basin walls | J11: Floor / pool take-off | K11: 2224 | M11: pcs | O11: unknown | P11: not_started | Q11: not_started | U11: 02 Stone | V11: 10 | W11: 46272.719 | X11: system | Y11: 18bdb000-a22f-54d4-b3e0-813fefc49a0a
A12: 02 | B12: Stone | C12: 11 | D12: Natural Stone | E12: Tundra Beige | G12: Tundra Beige — Outdoor Terrace Bench; Indoor Shower Bench & Towel Hanger (A1-A9); Bathroom Vanity B2; Outdoor Towel Hanger (G1-G5); Day Bed H2/H3; Outdoor Entry Door Bench | H12: Outdoor Terrace Bench; Indoor Shower Bench & Towel Hanger (A1-A9); Bathroom Vanity B2; Outdoor Towel Hanger (G1-G5); Day Bed H2/H3; Outdoor Entry Door Bench | J12: Millwork schedule | K12: 77 | M12: pcs | O12: unknown | P12: not_started | Q12: not_started | U12: 02 Stone | V12: 11 | W12: 46272.719 | X12: system | Y12: c88fa10f-f5e7-59df-aefd-2ba53a3c3ad3
A13: 03 | B13: Doors | C13: 12 | D13: Door Hardware & Ironmongery | E13: 1 | D-01,D-02,D-03 | G13: Concealed door hinge, flush interior doors up to 80/100 kg, brushed copper | H13: W.C., Entrance, Bathroom | I13: Haefele | K13: 18 | M13: no | N13: A11-02/03/04 | O13: not_started | P13: not_started | Q13: not_started | U13: 03 Doors | V13: 5 | W13: 46272.719 | X13: system | Y13: 0c1e53f9-e814-5c98-98ac-e3152fc2ca1b
A14: 03 | B14: Doors | C14: 13 | D14: Door Hardware & Ironmongery | E14: 2 | D-01 | G14: Lever handle set; NE-Black Chrome | H14: Doors | I14: Salto | J14: Salto Standard Line / London Model | K14: 3 | M14: set | N14: A11-02/03/04 | O14: not_started | P14: not_started | Q14: not_started | U14: 03 Doors | V14: 6 | W14: 46272.719 | X14: system | Y14: 6d8b5004-44e8-5779-900a-e5c7788d40b5
A15: 03 | B15: Doors | C15: 14 | D15: Door Hardware & Ironmongery | E15: 2.2 | D-03 | G15: Teak Wood Handle | H15: W.I.C | I15: CBMmart | J15: Exterior Grade Teak Wood Planks and Regular Teak Wood Planks | K15: 3 | N15: A11-02/03/06 | O15: unknown | P15: not_started | Q15: not_started | U15: 03 Doors | V15: 7 | W15: 46272.719 | X15: system | Y15: f8d685bd-db79-5fa4-9fe7-906c87452fa7
A16: 03 | B16: Doors | C16: 15 | D16: Door Hardware & Ironmongery | E16: 3 | D-01 | G16: Electronic lockset | H16: Entrance | I16: Salto | J16: Salto Element Fusion - ANSI | K16: 1 | M16: no | N16: A11-02 | O16: not_started | P16: not_started | Q16: not_started | R16: https://saltosystems.com/en/products/aelement-fusion-ansi/ | U16: 03 Doors | V16: 8 | W16: 46272.719 | X16: system | Y16: e5c50a7b-6c26-5be7-99df-6f2a87e24a41
A17: 03 | B17: Doors | C17: 16 | D17: Door Hardware & Ironmongery | E17: 4 | D-04 | G17: Privacy Thumb Turn | H17: W.C. | I17: Salto | J17: Sargent 8200 Series | K17: 1 | M17: no | N17: A11-04 | O17: not_started | P17: not_started | Q17: not_started | U17: 03 Doors | V17: 9 | W17: 46272.719 | X17: system | Y17: fe3ab175-3e15-5530-8d8f-9ac471b83064
A18: 03 | B18: Doors | C18: 17 | D18: Door Hardware & Ironmongery | E18: 5 | D-01 | G18: Startec door viewer, brushed brass | H18: Entrance | I18: Hafele | J18: Startec 200° 82mm door viewer | K18: 1 | M18: no | N18: A11-02 | O18: not_started | P18: not_started | Q18: not_started | U18: 03 Doors | V18: 10 | W18: 46272.719 | X18: system | Y18: 5f980cf6-0bf0-563c-864b-fc23b24af3d7
A19: 03 | B19: Doors | C19: 18 | D19: Door Hardware & Ironmongery | E19: 6 | D-03 | G19: Sliding door running gear (80/100 8-piece system) | H19: Closet | I19: Hafele | J19: Junior 80/B-Pocket | K19: 1 | M19: set | N19: A11-03 | O19: not_started | P19: not_started | Q19: not_started | U19: 03 Doors | V19: 11 | W19: 46272.719 | X19: system | Y19: c5e3f544-d761-52e7-9730-c6315310e60a
A20: 03 | B20: Doors | C20: 19 | D20: Door Hardware & Ironmongery | E20: 6.1 | S-02 | G20: Sliding door running gear (80/100 8-piece system) | H20: Louver | I20: Hafele | J20: Slido D-Line11 160p | N20: A11-02/03/04 | O20: unknown | P20: not_started | Q20: not_started | R20: https://www.hafele.com/us/en/product/sliding-door-hardware-haefele-slido-d-line11-160p-set/P-01499186/ | U20: 03 Doors | V20: 12 | W20: 46272.719 | X20: system | Y20: 1614b307-a09a-5f8a-be38-42e164967571
A21: 03 | B21: Doors | C21: 20 | D21: Door Hardware & Ironmongery | E21: 7 | D-01 | G21: Automatic Drop Down Seal | H21: All doors | I21: Assa Abloy | J21: Planet X3, RD | K21: 1 | M21: lot | N21: A11-02/03/04 | O21: not_started | P21: not_started | Q21: not_started | R21: https://www.assaabloy.com/ch/en/documents/service/downloads/planet/drop-down-seals/brochure-planet-drop-down-seal-x3.pdf | U21: 03 Doors | V21: 13 | W21: 46272.719 | X21: system | Y21: de94b009-c604-51a6-a197-0a6c9ee74ba4
A22: 03 | B22: Doors | C22: 21 | D22: Door Hardware & Ironmongery | E22: 7.1 | D-02,D-03,D-04 | G22: Sealing rubber frame strips | H22: All doors | I22: Reflect | K22: 3 | M22: lot | N22: A11-02/03/04 | O22: not_started | P22: not_started | Q22: not_started | U22: 03 Doors | V22: 14 | W22: 46272.719 | X22: system | Y22: c8506127-db91-5f2b-b48a-61402a307a83
A23: 03 | B23: Doors | C23: 22 | D23: Wooden Doors (Leaves & Frames) | E23: 1 | S-01 | G23: Bedroom shutter - fixed glass + openable louver + roll blackout | H23: Bedroom | J23: Teak hardwood + tempered glass | K23: 1 | M23: no | N23: A11-02 | O23: in_progress | P23: not_started | Q23: not_started | T23: Finish TBC by MMM. Blackout Lutron R64 = shades (separate scope) | U23: 03 Doors | V23: 15 | W23: 46272.719 | X23: system | Y23: 76400601-f2ad-5e84-8c67-2f7bdca34ef0
A24: 03 | B24: Doors | C24: 23 | D24: Wooden Doors (Leaves & Frames) | E24: 2 | S-02 | G24: Outside living sliding louver doors | H24: Outdoor living | J24: Teak hardwood + tempered glass | K24: 1 | M24: no | N24: A11-02 | O24: in_progress | P24: not_started | Q24: not_started | T24: Sliding louver on track | U24: 03 Doors | V24: 16 | W24: 46272.719 | X24: system | Y24: c057549c-7866-5f36-b38c-cf6caa230349
A25: 03 | B25: Doors | C25: 24 | D25: Wooden Doors (Leaves & Frames) | E25: 3 | D-01 | G25: Entrance door - fixed + swinging | H25: Entrance | J25: Teak hardwood / plywood | K25: 1 | M25: no | N25: A11-02 | O25: in_progress | P25: not_started | Q25: not_started | T25: 6 concealed hinges | U25: 03 Doors | V25: 17 | W25: 46272.719 | X25: system | Y25: b45b5c29-f72b-5331-9a1e-99eec0076478
A26: 03 | B26: Doors | C26: 25 | D26: Wooden Doors (Leaves & Frames) | E26: 4 | D-02 | G26: Bathroom door - swinging | H26: Bathroom | J26: Teak hardwood / plywood | K26: 1 | M26: no | N26: A11-03 | O26: in_progress | P26: not_started | Q26: not_started | U26: 03 Doors | V26: 18 | W26: 46272.719 | X26: system | Y26: bc641b8f-2faf-5cf9-b8fd-2fc792b9ef72
A27: 03 | B27: Doors | C27: 26 | D27: Wooden Doors (Leaves & Frames) | E27: 5 | D-03 | G27: Walk-in closet - sliding louvered doors | H27: Closet | J27: Teak hardwood / plywood | K27: 1 | M27: no | N27: A11-03 | O27: in_progress | P27: not_started | Q27: not_started | U27: 03 Doors | V27: 19 | W27: 46272.719 | X27: system | Y27: cc2d554a-324a-56e3-950a-f7e1098937a7
A28: 03 | B28: Doors | C28: 27 | D28: Wooden Doors (Leaves & Frames) | E28: 6 | D-04 | G28: W.C. door - swinging | H28: W.C. | J28: Teak hardwood / plywood | K28: 1 | M28: no | N28: A11-04 | O28: in_progress | P28: not_started | Q28: not_started | U28: 03 Doors | V28: 20 | W28: 46272.719 | X28: system | Y28: 70ed8b93-9169-58a6-8682-847c3450ef92
A29: 04 | B29: Glazing | C29: 28 | D29: Glass & Framing | E29: 1 | GL.01 | G29: Sliding glazed door into pocket (19 ft 9 in x 9 ft 3-3/4 in) | H29: Bedroom | I29: Assumed ES Windows | J29: Clear glass; structural aluminium, custom anodized | K29: 1 | M29: no | N29: A12-02 | O29: in_progress | P29: not_started | Q29: not_started | U29: 04 Glazing | V29: 5 | W29: 46272.719 | X29: system | Y29: d7e13977-0951-59ba-bb3a-a878e51915ec
A30: 04 | B30: Glazing | C30: 29 | D30: Glass & Framing | E30: 2 | GL.02 | G30: Sliding glazed door into pocket (8 ft 1-1/2 in x 9 ft 3-3/4 in) | H30: Bathroom | I30: Assumed ES Windows | J30: Clear glass; structural aluminium, custom anodized | K30: 1 | M30: no | N30: A12-02 | O30: in_progress | P30: not_started | Q30: not_started | U30: 04 Glazing | V30: 6 | W30: 46272.719 | X30: system | Y30: 25508ff0-f55a-551e-b15b-13a62b0879eb
A31: 04 | B31: Glazing | C31: 30 | D31: Glass & Framing | E31: 3 | GL.03 | G31: Fixed window (4 ft 1 in x 9 ft 3-3/4 in) | H31: Bedroom/entrance/bath | I31: Assumed ES Windows | J31: Clear glass; structural aluminium, custom anodized | K31: 5 | M31: no | N31: A12-02 | O31: in_progress | P31: not_started | Q31: not_started | U31: 04 Glazing | V31: 7 | W31: 46272.719 | X31: system | Y31: 5ceeec99-8640-5491-934a-e50ed60e3aa7
A32: 04 | B32: Glazing | C32: 31 | D32: Glass & Framing | E32: 4 | GL.04 | G32: Fixed window (1 ft 6 in x 9 ft 3-3/4 in) | H32: Bathroom | I32: Assumed ES Windows | J32: Clear glass; structural aluminium, custom anodized | K32: 2 | M32: no | N32: A12-02 | O32: in_progress | P32: not_started | Q32: not_started | U32: 04 Glazing | V32: 8 | W32: 46272.719 | X32: system | Y32: d18ffb9e-8b5a-5a29-b4f3-7f9ded68b680
A33: 04 | B33: Glazing | C33: 32 | D33: Glass & Framing | E33: 5 | GL.05 | G33: Sliding glazed door into pocket (11 ft 11-1/2 in x 9 ft 3-3/4 in) | H33: Bedroom | I33: Assumed ES Windows | J33: Clear glass; structural aluminium, custom anodized | K33: 1 | M33: no | N33: A12-03 | O33: in_progress | P33: not_started | Q33: not_started | U33: 04 Glazing | V33: 9 | W33: 46272.719 | X33: system | Y33: fa0c151a-df9d-5d07-a183-b9750b07c7d2
A34: 04 | B34: Glazing | C34: 33 | D34: Glass & Framing | E34: 6 | GL.06 | G34: Fixed window (small, bathroom) | H34: Bathroom | I34: Assumed ES Windows | J34: Clear glass; structural aluminium, custom anodized | K34: 1 | M34: no | N34: A12-03 | O34: in_progress | P34: not_started | Q34: not_started | U34: 04 Glazing | V34: 10 | W34: 46272.719 | X34: system | Y34: 59c26166-d9ea-5b3a-9e9f-403167669336
A35: 04 | B35: Glazing | C35: 34 | D35: Glass & Framing | E35: 7 | GL.07 | G35: Swinging (hinged) glazed door (2 ft 8 in x 9 ft) | H35: Bathroom | I35: Assumed ES Windows | J35: Clear glass; structural aluminium, custom anodized | K35: 1 | M35: no | N35: A12-03 | O35: in_progress | P35: not_started | Q35: not_started | U35: 04 Glazing | V35: 11 | W35: 46272.719 | X35: system | Y35: cd86c126-568f-51d0-8cdd-097e6feac535
A36: 04 | B36: Glazing | C36: 35 | D36: Glass & Framing | E36: 8 | GL.08 | G36: Swinging (hinged) glazed door (4 ft 1 in x 9 ft 3-3/4 in) | H36: Bathroom | I36: Assumed ES Windows | J36: Clear glass; structural aluminium, custom anodized | K36: 1 | M36: no | N36: A12-03 | O36: in_progress | P36: not_started | Q36: not_started | U36: 04 Glazing | V36: 12 | W36: 46272.719 | X36: system | Y36: 03ad0bc7-6258-59b3-a8c1-41e36e2ab238
A37: 04 | B37: Glazing | C37: 36 | D37: Glazing Hardware & Sliding Gear | E37: 1 | G37: Double handle with invisible integrated lock | H37: Glazed doors | I37: Ottima | K37: 5 | M37: set | N37: A12-02/03 | O37: in_progress | P37: not_started | Q37: not_started | U37: 04 Glazing | V37: 13 | W37: 46272.719 | X37: system | Y37: 4abf8d2d-d6af-5447-99d5-4bc32092e94b
A38: 05 | B38: FF&E | C38: 37 | D38: Fabrics | E38: CUR-01 | G38: Blackout Curtains Aznar FR Twin Face Blackout 063 | H38: Bedroom | I38: Aznar Textile | J38: FR Twin Face Blackout 063 | O38: unknown | P38: not_started | Q38: not_started | U38: 05 FF&E | V38: 5 | W38: 46272.719 | X38: system | Y38: 067f8f61-9800-59f4-97eb-b8b1d0c16797
A39: 05 | B39: FF&E | C39: 38 | D39: Fabrics | E39: UPH-01 | G39: Outdoor Fabric Bikaina YP25004 Ausarta Collection | H39: Bedroom | I39: Designs of the Time | J39: Bikaina YP25004 Ausarta Collection | O39: unknown | P39: not_started | Q39: not_started | U39: 05 FF&E | V39: 6 | W39: 46272.719 | X39: system | Y39: de83dfa7-05ac-5676-bb01-3d4d4f53b282
A40: 05 | B40: FF&E | C40: 39 | D40: Fabrics | E40: UPH-02 | G40: Outdoor Fabric TULUM col. 12 | H40: Bedroom | I40: Guell la madrid | J40: TULUM col. 12 | O40: unknown | P40: not_started | Q40: not_started | U40: 05 FF&E | V40: 7 | W40: 46272.719 | X40: system | Y40: faa74d0f-6985-5272-a8ec-23a5a338bb3f
A41: 05 | B41: FF&E | C41: 40 | D41: Fabrics | E41: CUR-02 | G41: Stripe Sheer plum | H41: Bedroom | I41: HOLLAND AND SHERRY | J41: 75360 Osian Collection 97501/CB | O41: unknown | P41: not_started | Q41: not_started | U41: 05 FF&E | V41: 8 | W41: 46272.719 | X41: system | Y41: b108dd02-d719-53ea-8654-23c8ebb55414
A42: 05 | B42: FF&E | C42: 41 | D42: Fabrics | E42: RUG-01 | G42: Mioro Outdoor Rug 0225 by Margrethe Odgaard | H42: Bedroom | I42: Kvadrat | J42: Mioro Outdoor | O42: unknown | P42: not_started | Q42: not_started | R42: https://www.kvadrat.dk/en/products/rugs/20157-mioro-outdoor | U42: 05 FF&E | V42: 9 | W42: 46272.719 | X42: system | Y42: 7b03f1f7-5b72-50cf-84a8-da47307c796a
A43: 05 | B43: FF&E | C43: 42 | D43: Fabrics | E43: UPH-03 | G43: In-Outdoor Fabric Tan Tan 60482 Col. 13093 | H43: Bedroom | I43: Maria Flora | J43: Tan Tan 60482 Col. 13093 | O43: unknown | P43: not_started | Q43: not_started | U43: 05 FF&E | V43: 10 | W43: 46272.719 | X43: system | Y43: 059385b5-a638-5cda-8cba-a02933d9aa3b
A44: 05 | B44: FF&E | C44: 43 | D44: Fabrics | E44: UPH-04 | G44: In-Outdoor Fabric Crisalide 60724 Col. 131 | H44: Outdoor Living / Outdoor terrace (uncovered) | I44: Maria Flora | J44: Crisalide 60724 Col. 131 | O44: unknown | P44: not_started | Q44: not_started | U44: 05 FF&E | V44: 11 | W44: 46272.719 | X44: system | Y44: 2317ff6f-d52c-5cc9-a365-86a40360a6b1
A45: 05 | B45: FF&E | C45: 44 | D45: Fabrics | E45: UPH-05 | G45: In-Outdoor Fabric Zagora | H45: Exterior terrace | I45: Maria Flora | J45: Zagora 60749 Col. 13093 | O45: unknown | P45: not_started | Q45: not_started | U45: 05 FF&E | V45: 12 | W45: 46272.719 | X45: system | Y45: 369891bc-7b5b-53c0-859a-e6c9008a3a32
A46: 05 | B46: FF&E | C46: 45 | D46: Fabrics | E46: UPH-06 | G46: Outdoor Fabric ACERO 60002 | H46: Outdoor / daybeds | I46: Maria Flora | J46: ACERO 60002 COL. 15102 | O46: unknown | P46: not_started | Q46: not_started | U46: 05 FF&E | V46: 13 | W46: 46272.719 | X46: system | Y46: 16636010-29c8-5c3b-b589-204808e9258a
A47: 05 | B47: FF&E | C47: 46 | D47: Fabrics | E47: UPH-07 | G47: In-Outdoor Fabric Camaleonte 60725 Col. 70 | H47: Outdoor Living / Outdoor terrace (uncovered) | I47: Maria Flora | J47: Camaleonte 60725 Col. 70 | O47: unknown | P47: not_started | Q47: not_started | U47: 05 FF&E | V47: 14 | W47: 46272.719 | X47: system | Y47: 11c627b0-3f6a-5b6b-bf84-d9daa0df6c97
A48: 05 | B48: FF&E | C48: 47 | D48: Fabrics | E48: UPH-08 | G48: In-Outdoor Fabric Rugged Stripe Driftwood | H48: Outdoor terrace / Daybeds | I48: Perennials | J48: Rugged Stripe 895-101 Color:Driftwood | O48: unknown | P48: not_started | Q48: not_started | U48: 05 FF&E | V48: 15 | W48: 46272.719 | X48: system | Y48: 7084c207-ed7a-5ede-b9a9-d4f11406be06
A49: 05 | B49: FF&E | C49: 48 | D49: Fabrics | E49: UPH-09 | G49: In-Outdoor Fabric Flanders Dirty Martini | H49: Outdoor terrace / Daybeds | I49: Perennials | J49: Flanders 941-364 Color:Dirty Martini | O49: unknown | P49: not_started | Q49: not_started | U49: 05 FF&E | V49: 16 | W49: 46272.719 | X49: system | Y49: 1a9695f0-7cea-5186-acab-018defb40120
A50: 05 | B50: FF&E | C50: 49 | D50: Fabrics | E50: UPH-10 | G50: Marine contract fabric Blend Linen 16001-0014 Sunbrella Upholdstery Collection | H50: Daybeds Interior | I50: Sunbrella | J50: Blend Linen 16001-0014 | O50: unknown | P50: not_started | Q50: not_started | R50: https://www.sunbrella.com/sunbrella-upholstery-blend-linen-16001-0014 | U50: 05 FF&E | V50: 17 | W50: 46272.719 | X50: system | Y50: 1b6707ce-cabc-55b5-b8ab-e507578cbb5f
A51: 05 | B51: FF&E | C51: 50 | D51: Fabrics | E51: UPH-11 | G51: Outdoor fabric | H51: Cushions Tribu KOS chair | I51: TRIBU | J51: E-81 | O51: unknown | P51: not_started | Q51: not_started | U51: 05 FF&E | V51: 18 | W51: 46272.719 | X51: system | Y51: ca7d2c0a-0d42-5e00-9eac-2761c17e0f27
A52: 05 | B52: FF&E | C52: 51 | D52: Fixtures | E52: FIX-01 | G52: Deck-mounted basin spout without pop-up waste | H52: Bathroom (Vanity) | I52: Dorn Bracht | J52: Deck mounted 13 716 882-42 | K52: 2 | O52: unknown | P52: not_started | Q52: not_started | R52: https://www.dornbracht.com/en/products/13716882-00/deck-mounted-basin-spout-without-pop-up-waste | U52: 05 FF&E | V52: 19 | W52: 46272.719 | X52: system | Y52: acb574b3-5484-5aa7-8810-5c8d34af0513
A53: 05 | B53: FF&E | C53: 52 | D53: Fixtures | E53: FIX-02 | G53: Deck valve clockwise closing cold | H53: Indoor Shower | I53: Dorn Bracht | J53: Deck Valve 20 000 740-46 | K53: 1 | O53: unknown | P53: not_started | Q53: not_started | U53: 05 FF&E | V53: 20 | W53: 46272.719 | X53: system | Y53: e9dc5839-531b-5637-9bac-d9d0825e4440
A54: 05 | B54: FF&E | C54: 53 | D54: Fixtures | E54: FIX-03 | G54: Hand shower set with integrated shower holder FlowReduce | H54: Rinse Shower & Indoor Shower | I54: Dorn Bracht | J54: Hand shower 27 812 660-42 0010 | K54: 2 | O54: unknown | P54: not_started | Q54: not_started | U54: 05 FF&E | V54: 21 | W54: 46272.719 | X54: system | Y54: e14ae712-993c-5ab4-ba27-687a99a95095
A55: 05 | B55: FF&E | C55: 54 | D55: Fixtures | E55: FIX-04 | G55: Rain shower with ceiling fixing FlowReduce 400 mm - Brushed Bronze | H55: Rinse Shower & Indoor Shower | I55: Dorn Bracht | J55: Rain shower 28 698 970-42 | K55: 2 | O55: unknown | P55: not_started | Q55: not_started | U55: 05 FF&E | V55: 22 | W55: 46272.719 | X55: system | Y55: 23bb0dce-50fb-5741-88f9-fc336be2b9d8
A56: 05 | B56: FF&E | C56: 55 | D56: Fixtures | E56: FIX-05 | G56: META xTOOL Thermostat module with 1 valve | H56: Rinse Shower & Indoor Shower | I56: Dorn Bracht | J56: Thermostat module 36 503 979-42 + 36 607 740-42 | K56: 3 | O56: unknown | P56: not_started | Q56: not_started | U56: 05 FF&E | V56: 23 | W56: 46272.719 | X56: system | Y56: ab517d95-a263-5ec8-97cf-f7e5b100de56
A57: 05 | B57: FF&E | C57: 56 | D57: Fixtures | E57: FIX-06 | G57: Wall mounted clothing hook | H57: Bathroom, Walk-in Closet & Rinse Shower | I57: Dorn Bracht | J57: Hooks 83 251 220-42 | K57: 8 | O57: unknown | P57: not_started | Q57: not_started | U57: 05 FF&E | V57: 24 | W57: 46272.719 | X57: system | Y57: 16a7541a-bd63-58c0-b7d2-035453666499
A58: 05 | B58: FF&E | C58: 57 | D58: Fixtures | E58: FIX-07 | G58: Tissue holder without cover | H58: Guests & ADA Restroom | I58: Dorn Bracht | J58: Tissue holder 83 500 979-42 | K58: 1 | O58: unknown | P58: not_started | Q58: not_started | U58: 05 FF&E | V58: 25 | W58: 46272.719 | X58: system | Y58: 6fd04a48-9d59-5b46-97ae-e789d1b316d3
A59: 05 | B59: FF&E | C59: 58 | D59: Fixtures | E59: FIX-08 | G59: TOTO Neorest WX1 Wall Hung Toilet | H59: WC | I59: TOTO | J59: Neorest wx1 CWT9538CEMFG#01 | K59: 1 | O59: unknown | P59: not_started | Q59: not_started | R59: https://www.totousa.com/filemanager_uploads/product_assets/SpecSheet/SS-02254_CWT9538CEMFG.pdf | U59: 05 FF&E | V59: 26 | W59: 46272.719 | X59: system | Y59: 278675eb-2e99-5fde-a22c-eec99a1b9318
A60: 05 | B60: FF&E | C60: 59 | D60: Furniture | E60: CUSH-01 | G60: Decorative cushion | I60: CUSTOM | J60: CUSTOM MADE | K60: 2 | O60: unknown | P60: not_started | Q60: not_started | U60: 05 FF&E | V60: 27 | W60: 46272.719 | X60: system | Y60: 16c29d4c-486d-5729-9a5e-5ab3837c5720
A61: 05 | B61: FF&E | C61: 60 | D61: Furniture | E61: CUSH-02 | G61: Decorative cushion | I61: CUSTOM | J61: SQUARE | K61: 6 | O61: unknown | P61: not_started | Q61: not_started | U61: 05 FF&E | V61: 28 | W61: 46272.719 | X61: system | Y61: 02e8523e-467e-5820-8551-64ff68736107
A62: 05 | B62: FF&E | C62: 61 | D62: Furniture | E62: CUSH-03 | G62: Decorative cushion | I62: CUSTOM | J62: RECTANGULAR | K62: 2 | O62: unknown | P62: not_started | Q62: not_started | U62: 05 FF&E | V62: 29 | W62: 46272.719 | X62: system | Y62: 696e725b-7d0b-5f49-b3b9-3ae938e43085
A63: 05 | B63: FF&E | C63: 62 | D63: Furniture | E63: CUSH-04 | G63: Decorative cushion | I63: CUSTOM | J63: SQUARE | K63: 2 | O63: unknown | P63: not_started | Q63: not_started | U63: 05 FF&E | V63: 30 | W63: 46272.719 | X63: system | Y63: 19915b7b-9362-59d2-8b2d-45b773ea6c18
A64: 05 | B64: FF&E | C64: 63 | D64: Furniture | E64: CUSH-05 | G64: Decorative cushion | I64: CUSTOM | J64: RECTANGULAR | K64: 1 | O64: unknown | P64: not_started | Q64: not_started | U64: 05 FF&E | V64: 31 | W64: 46272.719 | X64: system | Y64: a2bf0cfa-d35a-56f3-ab99-b69830f878b0
A65: 05 | B65: FF&E | C65: 64 | D65: Furniture | E65: CUSH-06 | G65: SEAT CUSHION | I65: CUSTOM | J65: CUSTOM MADE | K65: 1 | O65: unknown | P65: not_started | Q65: not_started | U65: 05 FF&E | V65: 32 | W65: 46272.719 | X65: system | Y65: 7b07b270-3667-5239-8737-f7f4e1a0fe9d
A66: 05 | B66: FF&E | C66: 65 | D66: Furniture | E66: CUSH-07 | G66: Decorative cushion | I66: CUSTOM | J66: CUSTOM MADE | K66: 1 | O66: unknown | P66: not_started | Q66: not_started | U66: 05 FF&E | V66: 33 | W66: 46272.719 | X66: system | Y66: 14c2e05c-15ad-569b-823b-3b1f7fa1d00a
A67: 05 | B67: FF&E | C67: 66 | D67: Furniture | E67: CUSH-11 | G67: SEAT CUSHION | I67: CUSTOM | J67: CUSTOM MADE | K67: 1 | O67: unknown | P67: not_started | Q67: not_started | U67: 05 FF&E | V67: 34 | W67: 46272.719 | X67: system | Y67: 0c002ac4-bdd6-59f9-9a97-abf95b6be7d6
A68: 05 | B68: FF&E | C68: 67 | D68: Furniture | E68: FURN-01 | G68: Foot Stool | H68: Bathroom & Walk in Closet | I68: CARL HANSEN & SON (Hans J. Wegner) | J68: CH53 | K68: 1 | O68: unknown | P68: not_started | Q68: not_started | R68: https://www.carlhansen.com/en/en/collection/footrests-stools/ch53-h43 | U68: 05 FF&E | V68: 35 | W68: 46272.719 | X68: system | Y68: 07c563ef-7b63-510c-9eb9-832359215c28
A69: 05 | B69: FF&E | C69: 68 | D69: Furniture | E69: FURN-02 | G69: Dining Chair | H69: Bedroom / Outdoor Terrace | I69: BRDR. KRUGER | J69: ARV chair | K69: 1 | O69: unknown | P69: not_started | Q69: not_started | U69: 05 FF&E | V69: 36 | W69: 46272.719 | X69: system | Y69: f001ddec-8ef1-5378-848a-1710bdbec1d3
A70: 05 | B70: FF&E | C70: 69 | D70: Furniture | E70: FURN-04 | G70: "Mesa Recinto" Colección Brutal | H70: Bedroom (Booth) | I70: Habitación 116 | J70: Mesa recinto | K70: 1 | O70: unknown | P70: not_started | Q70: not_started | U70: 05 FF&E | V70: 37 | W70: 46272.719 | X70: system | Y70: 93f10fd8-a7c1-5437-a1d9-999bff109f8f
A71: 05 | B71: FF&E | C71: 70 | D71: Furniture | E71: FURN-05 | G71: "Mesa Recinto 90" Colección Brutal | H71: Outdoor Terrace | I71: Habitación 116 | J71: Mesa recinto 80 | K71: 1 | O71: unknown | P71: not_started | Q71: not_started | U71: 05 FF&E | V71: 38 | W71: 46272.719 | X71: system | Y71: e167548a-82a0-523f-9c21-665b90d17d65
A72: 05 | B72: FF&E | C72: 71 | D72: Furniture | E72: FURN-06 | G72: "Tambor" Colección Brutal | H72: Outdoor Terrace | I72: Habitación 116 | J72: Tambor brutal | K72: 1 | O72: unknown | P72: not_started | Q72: not_started | U72: 05 FF&E | V72: 39 | W72: 46272.719 | X72: system | Y72: 27580fab-8974-5143-a4e5-4b77a74e6637
A73: 05 | B73: FF&E | C73: 72 | D73: Furniture | E73: FURN-08 | G73: JANU Lounge Chair | H73: Bedroom | I73: MCE | J73: Custom made | K73: 1 | O73: unknown | P73: not_started | Q73: not_started | U73: 05 FF&E | V73: 40 | W73: 46272.719 | X73: system | Y73: 90c87cdc-f039-581f-9abd-094813640383
A74: 05 | B74: FF&E | C74: 73 | D74: Furniture | E74: FURN-09 | G74: JANU Nightstand | H74: Bedroom | I74: MCE | J74: Custom made | K74: 1 | O74: unknown | P74: not_started | Q74: not_started | T74: Possible overlap with 06 Millwork › Nightstands — verify | U74: 05 FF&E | V74: 41 | W74: 46272.719 | X74: system | Y74: 41bd1f15-8499-5b9d-8946-42d1cef0cae9
A75: 05 | B75: FF&E | C75: 74 | D75: Furniture | E75: FURN-10 | G75: Tray | H75: Outdoor Bench / Outdoor Living | I75: MCE | J75: Custom made | K75: 2 | O75: unknown | P75: not_started | Q75: not_started | U75: 05 FF&E | V75: 42 | W75: 46272.719 | X75: system | Y75: e4e1fae7-02ef-50aa-9d85-841e4118ad8c
A76: 05 | B76: FF&E | C76: 75 | D76: Furniture | E76: FURN-07 | G76: JANU Lounge Chair | H76: Outdoor shower | I76: POLIFORM | J76: DAMA | K76: 1 | O76: unknown | P76: not_started | Q76: not_started | U76: 05 FF&E | V76: 43 | W76: 46272.719 | X76: system | Y76: 72599d0b-21cf-588a-8e1f-4b502d36c0a3
A77: 05 | B77: FF&E | C77: 76 | D77: Furniture | E77: FURN-03 | G77: Lounge Chair | H77: Outdoor Terrace | I77: TRIBÚ | J77: KOS lounge chair | K77: 1 | O77: unknown | P77: not_started | Q77: not_started | R77: https://www.tribu.com/en/collections/kos/lounge-chair/ | U77: 05 FF&E | V77: 44 | W77: 46272.719 | X77: system | Y77: ca1b16e7-85df-5ce9-8083-987b044b3de5
A78: 06 | B78: Millwork & Joinery | C78: 77 | D78: Artwork, Booth & Nightstands | E78: 1 | G78: Artwork surround | H78: Bedroom | I78: CBM Millwork | K78: 1 | M78: assy | N78: A11-09 | O78: in_progress | P78: not_started | Q78: not_started | U78: 06 Millwork & Joinery | V78: 5 | W78: 46272.719 | X78: system | Y78: 5d015189-eb39-55f9-adc2-2f5f051f7398
A79: 06 | B79: Millwork & Joinery | C79: 78 | D79: Artwork, Booth & Nightstands | E79: 2 | G79: Booth / banquette joinery | I79: CBM Millwork | K79: 1 | M79: assy | N79: A11-10 | O79: in_progress | P79: not_started | Q79: not_started | U79: 06 Millwork & Joinery | V79: 6 | W79: 46272.719 | X79: system | Y79: fcd5fb86-d62c-5789-a4fa-98b09aba36ec
A80: 06 | B80: Millwork & Joinery | C80: 79 | D80: Artwork, Booth & Nightstands | E80: 3 | G80: Nightstands (left & right) | H80: Bedroom | I80: CBM Millwork | K80: 2 | M80: pc | N80: A2-01 | O80: in_progress | P80: not_started | Q80: not_started | T80: Mocca Cafe tops via Stonework | U80: 06 Millwork & Joinery | V80: 7 | W80: 46272.719 | X80: system | Y80: b9a54121-7213-5aa6-99a6-f6109a95a713
A81: 06 | B81: Millwork & Joinery | C81: 80 | D81: Bed | E81: 1 | G81: Bed base / platform joinery | H81: Bedroom | I81: CBM Millwork | K81: 1 | M81: assy | N81: A11-08 | O81: in_progress | P81: not_started | Q81: not_started | U81: 06 Millwork & Joinery | V81: 8 | W81: 46272.719 | X81: system | Y81: e84fed35-c585-50ac-9290-85e417391dbb
A82: 06 | B82: Millwork & Joinery | C82: 81 | D82: Cabinet Hardware | E82: 1 | G82: Drawer / rail runner | H82: Vanity & millwork | I82: Hafele | J82: MATRIX runner BB A45 | M82: set | N82: A9-03 | O82: in_progress | P82: not_started | Q82: not_started | T82: Named on vanity detail | U82: 06 Millwork & Joinery | V82: 9 | W82: 46272.719 | X82: system | Y82: 573cdb00-ebe6-5396-bd77-ced7293428c5
A83: 06 | B83: Millwork & Joinery | C83: 82 | D83: Cabinet Hardware | E83: 2 | G83: General cabinet hardware - hinges, slides, pulls, catches, soft-close | H83: All millwork | M83: lot | N83: A11-05..10 | O83: not_started | P83: not_started | Q83: not_started | U83: 06 Millwork & Joinery | V83: 10 | W83: 46272.719 | X83: system | Y83: d52e0ba3-83ed-5684-b737-54d563ed327e
A84: 06 | B84: Millwork & Joinery | C84: 83 | D84: Closet Joinery | E84: 1 | D-03 | G84: Walk-in closet joinery (louvered sliding doors, internal fit-out) | H84: Closet | I84: CBM Millwork | K84: 1 | M84: assy | N84: A11-05 | O84: in_progress | P84: not_started | Q84: not_started | T84: Stone tops via Stonework; door D-03 in Doors tracker | U84: 06 Millwork & Joinery | V84: 11 | W84: 46272.719 | X84: system | Y84: 72ebdf44-b38b-537e-857b-3044c241c192
A85: 06 | B85: Millwork & Joinery | C85: 84 | D85: Headboard | E85: 1 | G85: Headboard millwork | H85: Bedroom | I85: CBM Millwork | K85: 1 | M85: assy | N85: A11-07A/B | O85: in_progress | P85: not_started | Q85: not_started | U85: 06 Millwork & Joinery | V85: 12 | W85: 46272.719 | X85: system | Y85: f5cc21da-d0cd-538a-bd56-7a37eb5fcf57
A86: 06 | B86: Millwork & Joinery | C86: 85 | D86: Minibar | E86: 1 | G86: Minibar cabinetry (counter, back splash, integrated services) | H86: Minibar | I86: CBM Millwork | K86: 1 | M86: assy | N86: A11-06A/B | O86: in_progress | P86: not_started | Q86: not_started | T86: Red Soraya top via Stonework; socket cut-out open item 17 | U86: 06 Millwork & Joinery | V86: 13 | W86: 46272.719 | X86: system | Y86: 399c5c88-fc36-5e19-a9e3-d7d4c597303e
A87: 07 | B87: Plumbing Systems | C87: 86 | D87: Plumbing Specialties | G87: Hose bib | I87: PROFLO | J87: PFXBVHBD | K87: 2 | O87: unknown | P87: not_started | Q87: not_started | R87: https://fergusonprod.a.bigcontent.io/v1/static/4631136_17452207_specification | U87: 07 Plumbing Systems | V87: 5 | W87: 46272.719 | X87: system | Y87: a444ecce-99ca-5b0a-8a74-45d79b0c66ea
A88: 08 | B88: Plumbing Equipment | C88: 87 | D88: Domestic Water Piping & Valves | G88: Ball Valves | I88: Aquaram | O88: unknown | P88: not_started | Q88: not_started | U88: 08 Plumbing Equipment | V88: 5 | W88: 46272.719 | X88: system | Y88: e672ce6c-6a52-5a2b-8a61-4a6bf7c6c831
A89: 08 | B89: Plumbing Equipment | C89: 88 | D89: Domestic Water Piping & Valves | E89: PVC elbows | G89: Insulation | J89: Micro-Lok | O89: unknown | P89: not_started | Q89: not_started | U89: 08 Plumbing Equipment | V89: 6 | W89: 46272.719 | X89: system | Y89: 43a1a24d-93c7-54a7-90e1-b6bb9996ba54
A90: 08 | B90: Plumbing Equipment | C90: 89 | D90: Domestic Water Piping & Valves | E90: PVC elbows | G90: Cold water service | J90: PVC SCH 40 | O90: unknown | P90: not_started | Q90: not_started | U90: 08 Plumbing Equipment | V90: 7 | W90: 46272.719 | X90: system | Y90: 4243253c-4189-5400-8f87-7f2b264e31bd
A91: 08 | B91: Plumbing Equipment | C91: 90 | D91: Domestic Water Piping & Valves | E91: PVC elbows | G91: Cold water distribution | J91: CPVC | O91: unknown | P91: not_started | Q91: not_started | U91: 08 Plumbing Equipment | V91: 8 | W91: 46272.719 | X91: system | Y91: 56f3a678-4cbc-51b2-a9a4-ed1cfcab9324
A92: 08 | B92: Plumbing Equipment | C92: 91 | D92: Domestic Water Piping & Valves | E92: PVC elbows | G92: Hot water | J92: CPVC | O92: unknown | P92: not_started | Q92: not_started | U92: 08 Plumbing Equipment | V92: 9 | W92: 46272.719 | X92: system | Y92: 1a426040-a71a-53d1-9d09-47f89809f7b7
A93: 09 | B93: Pool & Water Features | C93: 92 | D93: Balancing Tank & Specialties | E93: 1 | F1 | G93: Make-up float valve, 3/4 in NPT, brass | H93: Balancing tank | I93: Robert Mfg | J93: BOB R400 3/4-5P-LF | K93: 1 | M93: no | O93: complete | P93: not_started | Q93: not_started | R93: https://www.cdivalve.com/images/uploads/Control_Devices_Float_Valve_Catalog.pdf | T93: confirm vs Hayward request. RFI | U93: 09 Pool & Water Features | V93: 5 | W93: 46272.719 | X93: system | Y93: 66f98331-9e1c-555b-a33c-8529aa6cb8c0
A94: 09 | B94: Pool & Water Features | C94: 93 | D94: Balancing Tank & Specialties | E94: 2 | F2 | G94: Foot valve, 2 in, PVC w/ strainer | H94: Balancing tank | I94: Spears | J94: PVC | K94: 1 | M94: no | N94: F2 | O94: complete | P94: not_started | Q94: not_started | R94: https://parts.spearsmfg.com/sourcebook/SCH40TECH_40-1_T.pdf | U94: 09 Pool & Water Features | V94: 6 | W94: 46272.719 | X94: system | Y94: cd2a21ef-36e9-5da7-aa32-65c263deb589
A95: 09 | B95: Pool & Water Features | C95: 94 | D95: Balancing Tank & Specialties | E95: 3 | F3 | G95: Waterstop couplings (tank penetrations), fiberglass | H95: Balancing tank | I95: ASA | J95: FPK-88-301.5/302/303/304 | K95: 5 | M95: no | N95: F3 | O95: complete | P95: not_started | Q95: not_started | T95: CLARIF vs shell PVC sleeve. RFI | U95: 09 Pool & Water Features | V95: 7 | W95: 46272.719 | X95: system | Y95: c8ab7654-6081-5da3-bdbb-0b20f6870ad2
A96: 09 | B96: Pool & Water Features | C96: 95 | D96: Balancing Tank & Specialties | E96: 4 | F4 | G96: Vent pipe, 1-1/2 in Sch 40 PVC | H96: Balancing tank | I96: Spears | J96: Sch 40 PVC | M96: run | N96: F4 | O96: complete | P96: not_started | Q96: not_started | R96: https://parts.spearsmfg.com/sourcebook/SCH40TECH_40WHTPIPE-1_T_PVC40_T.pdf | U96: 09 Pool & Water Features | V96: 8 | W96: 46272.719 | X96: system | Y96: 6c002a03-65ef-5702-8d0a-06875eaea80a
A97: 09 | B97: Pool & Water Features | C97: 96 | D97: Balancing Tank & Specialties | E97: 5 | F5 | G97: Overflow pipe, 4 in Sch 40 PVC (to soakaway) | H97: Balancing tank | I97: Spears | J97: Sch 40 PVC | K97: 2 | M97: run | N97: F4 | O97: complete | P97: not_started | Q97: not_started | R97: https://parts.spearsmfg.com/sourcebook/SCH40TECH_40WHTPIPE-1_T_PVC40_T.pdf | T97: discharge verify on site. RFI | U97: 09 Pool & Water Features | V97: 9 | W97: 46272.719 | X97: system | Y97: d076a8db-6e5f-518d-933c-aa11059e51d8
A98: 09 | B98: Pool & Water Features | C98: 97 | D98: Balancing Tank & Specialties | E98: 6 | F6 | G98: Suction pipe to pump room, 2 in Sch 40 PVC | H98: Balancing tank | I98: Spears | J98: Sch 40 PVC | M98: run | N98: F4 | O98: complete | P98: not_started | Q98: not_started | R98: https://parts.spearsmfg.com/sourcebook/SCH40TECH_40WHTPIPE-1_T_PVC40_T.pdf | T98: ~80 ft | U98: 09 Pool & Water Features | V98: 10 | W98: 46272.719 | X98: system | Y98: 72326242-4009-52b7-9418-622b732c6f7c
A99: 09 | B99: Pool & Water Features | C99: 98 | D99: Balancing Tank & Specialties | E99: 7 | F7 | G99: Trough drain pipe, 2-1/2" in Sch 40 PVC | H99: Balancing tank | I99: Spears | J99: Sch 40 PVC | M99: run | N99: F4 | O99: complete | P99: not_started | Q99: not_started | R99: https://parts.spearsmfg.com/sourcebook/SCH40TECH_40WHTPIPE-1_T_PVC40_T.pdf | U99: 09 Pool & Water Features | V99: 11 | W99: 46272.719 | X99: system | Y99: bcff0df5-29ad-57bc-b21c-b4418051864d
A100: 09 | B100: Pool & Water Features | C100: 99 | D100: Filtration | E100: 1 | A1 | G100: Cartridge filter, 150 sq ft, 15-5/8 in dia | H100: Pump room | I100: Pentair | J100: Clean & Clear Plus CC150 (160317) | K100: 1 | M100: no | O100: complete | P100: not_started | Q100: not_started | R100: https://www.pentair.com/content/dam/extranet/nam/pentair-pool/residential/filters/filter-web-pages/support-pages/pentair-clean-and-clear-cartridge-filter-brochure-2025.pdf | T100: SP-01 item 1. Status OK | U100: 09 Pool & Water Features | V100: 12 | W100: 46272.719 | X100: system | Y100: ea97e588-be3d-5a7e-bc1f-a4539ee72cd2
...

Sheet Coverage
A1: Disc | B1: Discipline | C1: Items | D1: With spec | E1: With folder | F1: Documented | G1: Undocumented | H1: % documented
A2: 01 | B2: Plaster | C2: =COUNTIF(Register!$A:$A,$A2) | D2: =COUNTIFS(Register!$A:$A,$A2,Register!$R:$R,"?*") | E2: =COUNTIFS(Register!$A:$A,$A2,Register!$S:$S,"?*") | F2: =D2+E2-COUNTIFS(Register!$A:$A,$A2,Register!$R:$R,"?*",Register!$S:$S,"?*") | G2: =C2-F2 | H2: =IF(C2=0,"",F2/C2)
A3: 02 | B3: Stone | C3: =COUNTIF(Register!$A:$A,$A3) | D3: =COUNTIFS(Register!$A:$A,$A3,Register!$R:$R,"?*") | E3: =COUNTIFS(Register!$A:$A,$A3,Register!$S:$S,"?*") | F3: =D3+E3-COUNTIFS(Register!$A:$A,$A3,Register!$R:$R,"?*",Register!$S:$S,"?*") | G3: =C3-F3 | H3: =IF(C3=0,"",F3/C3)
A4: 03 | B4: Doors | C4: =COUNTIF(Register!$A:$A,$A4) | D4: =COUNTIFS(Register!$A:$A,$A4,Register!$R:$R,"?*") | E4: =COUNTIFS(Register!$A:$A,$A4,Register!$S:$S,"?*") | F4: =D4+E4-COUNTIFS(Register!$A:$A,$A4,Register!$R:$R,"?*",Register!$S:$S,"?*") | G4: =C4-F4 | H4: =IF(C4=0,"",F4/C4)
A5: 04 | B5: Glazing | C5: =COUNTIF(Register!$A:$A,$A5) | D5: =COUNTIFS(Register!$A:$A,$A5,Register!$R:$R,"?*") | E5: =COUNTIFS(Register!$A:$A,$A5,Register!$S:$S,"?*") | F5: =D5+E5-COUNTIFS(Register!$A:$A,$A5,Register!$R:$R,"?*",Register!$S:$S,"?*") | G5: =C5-F5 | H5: =IF(C5=0,"",F5/C5)
A6: 05 | B6: FF&E | C6: =COUNTIF(Register!$A:$A,$A6) | D6: =COUNTIFS(Register!$A:$A,$A6,Register!$R:$R,"?*") | E6: =COUNTIFS(Register!$A:$A,$A6,Register!$S:$S,"?*") | F6: =D6+E6-COUNTIFS(Register!$A:$A,$A6,Register!$R:$R,"?*",Register!$S:$S,"?*") | G6: =C6-F6 | H6: =IF(C6=0,"",F6/C6)
A7: 06 | B7: Millwork & Joinery | C7: =COUNTIF(Register!$A:$A,$A7) | D7: =COUNTIFS(Register!$A:$A,$A7,Register!$R:$R,"?*") | E7: =COUNTIFS(Register!$A:$A,$A7,Register!$S:$S,"?*") | F7: =D7+E7-COUNTIFS(Register!$A:$A,$A7,Register!$R:$R,"?*",Register!$S:$S,"?*") | G7: =C7-F7 | H7: =IF(C7=0,"",F7/C7)
A8: 07 | B8: Plumbing Systems | C8: =COUNTIF(Register!$A:$A,$A8) | D8: =COUNTIFS(Register!$A:$A,$A8,Register!$R:$R,"?*") | E8: =COUNTIFS(Register!$A:$A,$A8,Register!$S:$S,"?*") | F8: =D8+E8-COUNTIFS(Register!$A:$A,$A8,Register!$R:$R,"?*",Register!$S:$S,"?*") | G8: =C8-F8 | H8: =IF(C8=0,"",F8/C8)
A9: 08 | B9: Plumbing Equipment | C9: =COUNTIF(Register!$A:$A,$A9) | D9: =COUNTIFS(Register!$A:$A,$A9,Register!$R:$R,"?*") | E9: =COUNTIFS(Register!$A:$A,$A9,Register!$S:$S,"?*") | F9: =D9+E9-COUNTIFS(Register!$A:$A,$A9,Register!$R:$R,"?*",Register!$S:$S,"?*") | G9: =C9-F9 | H9: =IF(C9=0,"",F9/C9)
A10: 09 | B10: Pool & Water Features | C10: =COUNTIF(Register!$A:$A,$A10) | D10: =COUNTIFS(Register!$A:$A,$A10,Register!$R:$R,"?*") | E10: =COUNTIFS(Register!$A:$A,$A10,Register!$S:$S,"?*") | F10: =D10+E10-COUNTIFS(Register!$A:$A,$A10,Register!$R:$R,"?*",Register!$S:$S,"?*") | G10: =C10-F10 | H10: =IF(C10=0,"",F10/C10)
A11: 10 | B11: Electrical | C11: =COUNTIF(Register!$A:$A,$A11) | D11: =COUNTIFS(Register!$A:$A,$A11,Register!$R:$R,"?*") | E11: =COUNTIFS(Register!$A:$A,$A11,Register!$S:$S,"?*") | F11: =D11+E11-COUNTIFS(Register!$A:$A,$A11,Register!$R:$R,"?*",Register!$S:$S,"?*") | G11: =C11-F11 | H11: =IF(C11=0,"",F11/C11)
A12: 11 | B12: Low Voltage & ICT | C12: =COUNTIF(Register!$A:$A,$A12) | D12: =COUNTIFS(Register!$A:$A,$A12,Register!$R:$R,"?*") | E12: =COUNTIFS(Register!$A:$A,$A12,Register!$S:$S,"?*") | F12: =D12+E12-COUNTIFS(Register!$A:$A,$A12,Register!$R:$R,"?*",Register!$S:$S,"?*") | G12: =C12-F12 | H12: =IF(C12=0,"",F12/C12)
A13: 12 | B13: Lighting | C13: =COUNTIF(Register!$A:$A,$A13) | D13: =COUNTIFS(Register!$A:$A,$A13,Register!$R:$R,"?*") | E13: =COUNTIFS(Register!$A:$A,$A13,Register!$S:$S,"?*") | F13: =D13+E13-COUNTIFS(Register!$A:$A,$A13,Register!$R:$R,"?*",Register!$S:$S,"?*") | G13: =C13-F13 | H13: =IF(C13=0,"",F13/C13)
A14: 13 | B14: HVAC & Mechanical | C14: =COUNTIF(Register!$A:$A,$A14) | D14: =COUNTIFS(Register!$A:$A,$A14,Register!$R:$R,"?*") | E14: =COUNTIFS(Register!$A:$A,$A14,Register!$S:$S,"?*") | F14: =D14+E14-COUNTIFS(Register!$A:$A,$A14,Register!$R:$R,"?*",Register!$S:$S,"?*") | G14: =C14-F14 | H14: =IF(C14=0,"",F14/C14)
B15: TOTAL | C15: =SUM(C2:C14) | D15: =SUM(D2:D14) | E15: =SUM(E2:E14) | F15: =SUM(F2:F14) | G15: =SUM(G2:G14) | H15: =IF(C15=0,"",F15/C15)

Sheet Gaps
A1: Disc | B1: Discipline | C1: Sub-category | D1: Code | E1: Item | F1: Location | G1: Manufacturer | H1: Model | I1: Qty | J1: Unit | K1: Drawing ref | L1: Spec status | M1: Notes
A2: 01 | B2: Plaster | C2: Plaster Finishes | D2: PLEX-01 | E2: Plaster Exterior Walls | F2: Exterior Walls | I2: 1548 | J2: SF | L2: unknown
A3: 01 | B3: Plaster | C3: Plaster Finishes | D3: PLEX-02 | E3: Plaster Exterior Ceilings | F3: Exterior Ceilings | I3: 265 | J3: SF | L3: unknown
A4: 01 | B4: Plaster | C4: Plaster Finishes | D4: PLIN-01 | E4: Plaster Interior Ceilings | F4: Interior Ceilings | I4: 785 | J4: SF | L4: unknown
A5: 01 | B5: Plaster | C5: Plaster Finishes | D5: PLIN-02 | E5: Plaster Interior Walls | F5: Interior Walls | I5: 396 | J5: SF | L5: unknown
A6: 02 | B6: Stone | C6: Natural Stone | D6: Creme du Provence | E6: Creme du Provence — Column 1-7 cladding (40mm) + Bathroom Vanity legs B3, B4 (20mm) | F6: Column 1-7 cladding (40mm) + Bathroom Vanity legs B3, B4 (20mm) | H6: Millwork schedule | I6: 80 | J6: pcs | L6: unknown
A7: 02 | B7: Stone | C7: Natural Stone | D7: Mocca Cafe | E7: Mocca Cafe — Bathroom Vanity countertop B1 + cover strips; Nightstands (left and right) | F7: Bathroom Vanity countertop B1 + cover strips; Nightstands (left and right) | H7: Millwork schedule | I7: 15 | J7: pcs | L7: unknown
A8: 02 | B8: Stone | C8: Natural Stone | D8: Ocean Black Bricks | E8: Ocean Black Bricks — Entrance platform and steps, entrance inside, bathroom, walk-in closet, bedroom, terrace and step - 12 zones | F8: Entrance platform and steps, entrance inside, bathroom, walk-in closet, bedroom, terrace and step - 12 zones | H8: Floor / pool take-off | I8: 3370 | J8: pcs | L8: unknown
A9: 02 | B9: Stone | C9: Natural Stone | D9: Ocean Black Slabs | E9: Ocean Black Slabs — WC and indoor shower pans, small pan, drain covers, threshold strip, rinse showers | F9: WC and indoor shower pans, small pan, drain covers, threshold strip, rinse showers | H9: Floor / pool take-off | I9: 10 | J9: pcs | L9: unknown
A10: 02 | B10: Stone | C10: Natural Stone | D10: Red Soraya Travertine | E10: Red Soraya Travertine — Mini Bar Cabinetry; Closets Behind the Bed (20mm, built up to 76mm) | F10: Mini Bar Cabinetry; Closets Behind the Bed (20mm, built up to 76mm) | H10: Millwork schedule | I10: 18 | J10: pcs | L10: unknown
A11: 02 | B11: Stone | C11: Natural Stone | D11: Sukabumi Slabs | E11: Sukabumi Slabs — Pool floors and stair steps, deep walls and stair risers, shallow walls, through-basin walls | F11: Pool floors and stair steps, deep walls and stair risers, shallow walls, through-basin walls | H11: Floor / pool take-off | I11: 2224 | J11: pcs | L11: unknown
A12: 02 | B12: Stone | C12: Natural Stone | D12: Tundra Beige | E12: Tundra Beige — Outdoor Terrace Bench; Indoor Shower Bench & Towel Hanger (A1-A9); Bathroom Vanity B2; Outdoor Towel Hanger (G1-G5); Day Bed H2/H3; Outdoor Entry Door Bench | F12: Outdoor Terrace Bench; Indoor Shower Bench & Towel Hanger (A1-A9); Bathroom Vanity B2; Outdoor Towel Hanger (G1-G5); Day Bed H2/H3; Outdoor Entry Door Bench | H12: Millwork schedule | I12: 77 | J12: pcs | L12: unknown
A13: 03 | B13: Doors | C13: Door Hardware & Ironmongery | D13: 1 | D-01,D-02,D-03 | E13: Concealed door hinge, flush interior doors up to 80/100 kg, brushed copper | F13: W.C., Entrance, Bathroom | G13: Haefele | I13: 18 | J13: no | K13: A11-02/03/04 | L13: not_started
A14: 03 | B14: Doors | C14: Door Hardware & Ironmongery | D14: 2 | D-01 | E14: Lever handle set; NE-Black Chrome | F14: Doors | G14: Salto | H14: Salto Standard Line / London Model | I14: 3 | J14: set | K14: A11-02/03/04 | L14: not_started
A15: 03 | B15: Doors | C15: Door Hardware & Ironmongery | D15: 2.2 | D-03 | E15: Teak Wood Handle | F15: W.I.C | G15: CBMmart | H15: Exterior Grade Teak Wood Planks and Regular Teak Wood Planks | I15: 3 | K15: A11-02/03/06 | L15: unknown
A16: 03 | B16: Doors | C16: Door Hardware & Ironmongery | D16: 4 | D-04 | E16: Privacy Thumb Turn | F16: W.C. | G16: Salto | H16: Sargent 8200 Series | I16: 1 | J16: no | K16: A11-04 | L16: not_started
A17: 03 | B17: Doors | C17: Door Hardware & Ironmongery | D17: 5 | D-01 | E17: Startec door viewer, brushed brass | F17: Entrance | G17: Hafele | H17: Startec 200° 82mm door viewer | I17: 1 | J17: no | K17: A11-02 | L17: not_started
A18: 03 | B18: Doors | C18: Door Hardware & Ironmongery | D18: 6 | D-03 | E18: Sliding door running gear (80/100 8-piece system) | F18: Closet | G18: Hafele | H18: Junior 80/B-Pocket | I18: 1 | J18: set | K18: A11-03 | L18: not_started
A19: 03 | B19: Doors | C19: Door Hardware & Ironmongery | D19: 7.1 | D-02,D-03,D-04 | E19: Sealing rubber frame strips | F19: All doors | G19: Reflect | I19: 3 | J19: lot | K19: A11-02/03/04 | L19: not_started
A20: 03 | B20: Doors | C20: Wooden Doors (Leaves & Frames) | D20: 1 | S-01 | E20: Bedroom shutter - fixed glass + openable louver + roll blackout | F20: Bedroom | H20: Teak hardwood + tempered glass | I20: 1 | J20: no | K20: A11-02 | L20: in_progress | M20: Finish TBC by MMM. Blackout Lutron R64 = shades (separate scope)
A21: 03 | B21: Doors | C21: Wooden Doors (Leaves & Frames) | D21: 2 | S-02 | E21: Outside living sliding louver doors | F21: Outdoor living | H21: Teak hardwood + tempered glass | I21: 1 | J21: no | K21: A11-02 | L21: in_progress | M21: Sliding louver on track
A22: 03 | B22: Doors | C22: Wooden Doors (Leaves & Frames) | D22: 3 | D-01 | E22: Entrance door - fixed + swinging | F22: Entrance | H22: Teak hardwood / plywood | I22: 1 | J22: no | K22: A11-02 | L22: in_progress | M22: 6 concealed hinges
A23: 03 | B23: Doors | C23: Wooden Doors (Leaves & Frames) | D23: 4 | D-02 | E23: Bathroom door - swinging | F23: Bathroom | H23: Teak hardwood / plywood | I23: 1 | J23: no | K23: A11-03 | L23: in_progress
A24: 03 | B24: Doors | C24: Wooden Doors (Leaves & Frames) | D24: 5 | D-03 | E24: Walk-in closet - sliding louvered doors | F24: Closet | H24: Teak hardwood / plywood | I24: 1 | J24: no | K24: A11-03 | L24: in_progress
A25: 03 | B25: Doors | C25: Wooden Doors (Leaves & Frames) | D25: 6 | D-04 | E25: W.C. door - swinging | F25: W.C. | H25: Teak hardwood / plywood | I25: 1 | J25: no | K25: A11-04 | L25: in_progress
A26: 04 | B26: Glazing | C26: Glass & Framing | D26: 1 | GL.01 | E26: Sliding glazed door into pocket (19 ft 9 in x 9 ft 3-3/4 in) | F26: Bedroom | G26: Assumed ES Windows | H26: Clear glass; structural aluminium, custom anodized | I26: 1 | J26: no | K26: A12-02 | L26: in_progress
A27: 04 | B27: Glazing | C27: Glass & Framing | D27: 2 | GL.02 | E27: Sliding glazed door into pocket (8 ft 1-1/2 in x 9 ft 3-3/4 in) | F27: Bathroom | G27: Assumed ES Windows | H27: Clear glass; structural aluminium, custom anodized | I27: 1 | J27: no | K27: A12-02 | L27: in_progress
A28: 04 | B28: Glazing | C28: Glass & Framing | D28: 3 | GL.03 | E28: Fixed window (4 ft 1 in x 9 ft 3-3/4 in) | F28: Bedroom/entrance/bath | G28: Assumed ES Windows | H28: Clear glass; structural aluminium, custom anodized | I28: 5 | J28: no | K28: A12-02 | L28: in_progress
A29: 04 | B29: Glazing | C29: Glass & Framing | D29: 4 | GL.04 | E29: Fixed window (1 ft 6 in x 9 ft 3-3/4 in) | F29: Bathroom | G29: Assumed ES Windows | H29: Clear glass; structural aluminium, custom anodized | I29: 2 | J29: no | K29: A12-02 | L29: in_progress
A30: 04 | B30: Glazing | C30: Glass & Framing | D30: 5 | GL.05 | E30: Sliding glazed door into pocket (11 ft 11-1/2 in x 9 ft 3-3/4 in) | F30: Bedroom | G30: Assumed ES Windows | H30: Clear glass; structural aluminium, custom anodized | I30: 1 | J30: no | K30: A12-03 | L30: in_progress
A31: 04 | B31: Glazing | C31: Glass & Framing | D31: 6 | GL.06 | E31: Fixed window (small, bathroom) | F31: Bathroom | G31: Assumed ES Windows | H31: Clear glass; structural aluminium, custom anodized | I31: 1 | J31: no | K31: A12-03 | L31: in_progress
A32: 04 | B32: Glazing | C32: Glass & Framing | D32: 7 | GL.07 | E32: Swinging (hinged) glazed door (2 ft 8 in x 9 ft) | F32: Bathroom | G32: Assumed ES Windows | H32: Clear glass; structural aluminium, custom anodized | I32: 1 | J32: no | K32: A12-03 | L32: in_progress
A33: 04 | B33: Glazing | C33: Glass & Framing | D33: 8 | GL.08 | E33: Swinging (hinged) glazed door (4 ft 1 in x 9 ft 3-3/4 in) | F33: Bathroom | G33: Assumed ES Windows | H33: Clear glass; structural aluminium, custom anodized | I33: 1 | J33: no | K33: A12-03 | L33: in_progress
A34: 04 | B34: Glazing | C34: Glazing Hardware & Sliding Gear | D34: 1 | E34: Double handle with invisible integrated lock | F34: Glazed doors | G34: Ottima | I34: 5 | J34: set | K34: A12-02/03 | L34: in_progress
A35: 05 | B35: FF&E | C35: Fabrics | D35: CUR-01 | E35: Blackout Curtains Aznar FR Twin Face Blackout 063 | F35: Bedroom | G35: Aznar Textile | H35: FR Twin Face Blackout 063 | L35: unknown
A36: 05 | B36: FF&E | C36: Fabrics | D36: UPH-01 | E36: Outdoor Fabric Bikaina YP25004 Ausarta Collection | F36: Bedroom | G36: Designs of the Time | H36: Bikaina YP25004 Ausarta Collection | L36: unknown
A37: 05 | B37: FF&E | C37: Fabrics | D37: UPH-02 | E37: Outdoor Fabric TULUM col. 12 | F37: Bedroom | G37: Guell la madrid | H37: TULUM col. 12 | L37: unknown
A38: 05 | B38: FF&E | C38: Fabrics | D38: CUR-02 | E38: Stripe Sheer plum | F38: Bedroom | G38: HOLLAND AND SHERRY | H38: 75360 Osian Collection 97501/CB | L38: unknown
A39: 05 | B39: FF&E | C39: Fabrics | D39: UPH-03 | E39: In-Outdoor Fabric Tan Tan 60482 Col. 13093 | F39: Bedroom | G39: Maria Flora | H39: Tan Tan 60482 Col. 13093 | L39: unknown
A40: 05 | B40: FF&E | C40: Fabrics | D40: UPH-04 | E40: In-Outdoor Fabric Crisalide 60724 Col. 131 | F40: Outdoor Living / Outdoor terrace (uncovered) | G40: Maria Flora | H40: Crisalide 60724 Col. 131 | L40: unknown
A41: 05 | B41: FF&E | C41: Fabrics | D41: UPH-05 | E41: In-Outdoor Fabric Zagora | F41: Exterior terrace | G41: Maria Flora | H41: Zagora 60749 Col. 13093 | L41: unknown
A42: 05 | B42: FF&E | C42: Fabrics | D42: UPH-06 | E42: Outdoor Fabric ACERO 60002 | F42: Outdoor / daybeds | G42: Maria Flora | H42: ACERO 60002 COL. 15102 | L42: unknown
A43: 05 | B43: FF&E | C43: Fabrics | D43: UPH-07 | E43: In-Outdoor Fabric Camaleonte 60725 Col. 70 | F43: Outdoor Living / Outdoor terrace (uncovered) | G43: Maria Flora | H43: Camaleonte 60725 Col. 70 | L43: unknown
A44: 05 | B44: FF&E | C44: Fabrics | D44: UPH-08 | E44: In-Outdoor Fabric Rugged Stripe Driftwood | F44: Outdoor terrace / Daybeds | G44: Perennials | H44: Rugged Stripe 895-101 Color:Driftwood | L44: unknown
A45: 05 | B45: FF&E | C45: Fabrics | D45: UPH-09 | E45: In-Outdoor Fabric Flanders Dirty Martini | F45: Outdoor terrace / Daybeds | G45: Perennials | H45: Flanders 941-364 Color:Dirty Martini | L45: unknown
A46: 05 | B46: FF&E | C46: Fabrics | D46: UPH-11 | E46: Outdoor fabric | F46: Cushions Tribu KOS chair | G46: TRIBU | H46: E-81 | L46: unknown
A47: 05 | B47: FF&E | C47: Fixtures | D47: FIX-02 | E47: Deck valve clockwise closing cold | F47: Indoor Shower | G47: Dorn Bracht | H47: Deck Valve 20 000 740-46 | I47: 1 | L47: unknown
A48: 05 | B48: FF&E | C48: Fixtures | D48: FIX-03 | E48: Hand shower set with integrated shower holder FlowReduce | F48: Rinse Shower & Indoor Shower | G48: Dorn Bracht | H48: Hand shower 27 812 660-42 0010 | I48: 2 | L48: unknown
A49: 05 | B49: FF&E | C49: Fixtures | D49: FIX-04 | E49: Rain shower with ceiling fixing FlowReduce 400 mm - Brushed Bronze | F49: Rinse Shower & Indoor Shower | G49: Dorn Bracht | H49: Rain shower 28 698 970-42 | I49: 2 | L49: unknown
A50: 05 | B50: FF&E | C50: Fixtures | D50: FIX-05 | E50: META xTOOL Thermostat module with 1 valve | F50: Rinse Shower & Indoor Shower | G50: Dorn Bracht | H50: Thermostat module 36 503 979-42 + 36 607 740-42 | I50: 3 | L50: unknown
A51: 05 | B51: FF&E | C51: Fixtures | D51: FIX-06 | E51: Wall mounted clothing hook | F51: Bathroom, Walk-in Closet & Rinse Shower | G51: Dorn Bracht | H51: Hooks 83 251 220-42 | I51: 8 | L51: unknown
A52: 05 | B52: FF&E | C52: Fixtures | D52: FIX-07 | E52: Tissue holder without cover | F52: Guests & ADA Restroom | G52: Dorn Bracht | H52: Tissue holder 83 500 979-42 | I52: 1 | L52: unknown
A53: 05 | B53: FF&E | C53: Furniture | D53: CUSH-01 | E53: Decorative cushion | G53: CUSTOM | H53: CUSTOM MADE | I53: 2 | L53: unknown
A54: 05 | B54: FF&E | C54: Furniture | D54: CUSH-02 | E54: Decorative cushion | G54: CUSTOM | H54: SQUARE | I54: 6 | L54: unknown
A55: 05 | B55: FF&E | C55: Furniture | D55: CUSH-03 | E55: Decorative cushion | G55: CUSTOM | H55: RECTANGULAR | I55: 2 | L55: unknown
A56: 05 | B56: FF&E | C56: Furniture | D56: CUSH-04 | E56: Decorative cushion | G56: CUSTOM | H56: SQUARE | I56: 2 | L56: unknown
A57: 05 | B57: FF&E | C57: Furniture | D57: CUSH-05 | E57: Decorative cushion | G57: CUSTOM | H57: RECTANGULAR | I57: 1 | L57: unknown
A58: 05 | B58: FF&E | C58: Furniture | D58: CUSH-06 | E58: SEAT CUSHION | G58: CUSTOM | H58: CUSTOM MADE | I58: 1 | L58: unknown
A59: 05 | B59: FF&E | C59: Furniture | D59: CUSH-07 | E59: Decorative cushion | G59: CUSTOM | H59: CUSTOM MADE | I59: 1 | L59: unknown
A60: 05 | B60: FF&E | C60: Furniture | D60: CUSH-11 | E60: SEAT CUSHION | G60: CUSTOM | H60: CUSTOM MADE | I60: 1 | L60: unknown
A61: 05 | B61: FF&E | C61: Furniture | D61: FURN-02 | E61: Dining Chair | F61: Bedroom / Outdoor Terrace | G61: BRDR. KRUGER | H61: ARV chair | I61: 1 | L61: unknown
A62: 05 | B62: FF&E | C62: Furniture | D62: FURN-04 | E62: "Mesa Recinto" Colección Brutal | F62: Bedroom (Booth) | G62: Habitación 116 | H62: Mesa recinto | I62: 1 | L62: unknown
A63: 05 | B63: FF&E | C63: Furniture | D63: FURN-05 | E63: "Mesa Recinto 90" Colección Brutal | F63: Outdoor Terrace | G63: Habitación 116 | H63: Mesa recinto 80 | I63: 1 | L63: unknown
A64: 05 | B64: FF&E | C64: Furniture | D64: FURN-06 | E64: "Tambor" Colección Brutal | F64: Outdoor Terrace | G64: Habitación 116 | H64: Tambor brutal | I64: 1 | L64: unknown
A65: 05 | B65: FF&E | C65: Furniture | D65: FURN-08 | E65: JANU Lounge Chair | F65: Bedroom | G65: MCE | H65: Custom made | I65: 1 | L65: unknown
A66: 05 | B66: FF&E | C66: Furniture | D66: FURN-09 | E66: JANU Nightstand | F66: Bedroom | G66: MCE | H66: Custom made | I66: 1 | L66: unknown | M66: Possible overlap with 06 Millwork › Nightstands — verify
A67: 05 | B67: FF&E | C67: Furniture | D67: FURN-10 | E67: Tray | F67: Outdoor Bench / Outdoor Living | G67: MCE | H67: Custom made | I67: 2 | L67: unknown
A68: 05 | B68: FF&E | C68: Furniture | D68: FURN-07 | E68: JANU Lounge Chair | F68: Outdoor shower | G68: POLIFORM | H68: DAMA | I68: 1 | L68: unknown
A69: 06 | B69: Millwork & Joinery | C69: Artwork, Booth & Nightstands | D69: 1 | E69: Artwork surround | F69: Bedroom | G69: CBM Millwork | I69: 1 | J69: assy | K69: A11-09 | L69: in_progress
A70: 06 | B70: Millwork & Joinery | C70: Artwork, Booth & Nightstands | D70: 2 | E70: Booth / banquette joinery | G70: CBM Millwork | I70: 1 | J70: assy | K70: A11-10 | L70: in_progress
A71: 06 | B71: Millwork & Joinery | C71: Artwork, Booth & Nightstands | D71: 3 | E71: Nightstands (left & right) | F71: Bedroom | G71: CBM Millwork | I71: 2 | J71: pc | K71: A2-01 | L71: in_progress | M71: Mocca Cafe tops via Stonework
A72: 06 | B72: Millwork & Joinery | C72: Bed | D72: 1 | E72: Bed base / platform joinery | F72: Bedroom | G72: CBM Millwork | I72: 1 | J72: assy | K72: A11-08 | L72: in_progress
A73: 06 | B73: Millwork & Joinery | C73: Cabinet Hardware | D73: 1 | E73: Drawer / rail runner | F73: Vanity & millwork | G73: Hafele | H73: MATRIX runner BB A45 | J73: set | K73: A9-03 | L73: in_progress | M73: Named on vanity detail
A74: 06 | B74: Millwork & Joinery | C74: Cabinet Hardware | D74: 2 | E74: General cabinet hardware - hinges, slides, pulls, catches, soft-close | F74: All millwork | J74: lot | K74: A11-05..10 | L74: not_started
A75: 06 | B75: Millwork & Joinery | C75: Closet Joinery | D75: 1 | D-03 | E75: Walk-in closet joinery (louvered sliding doors, internal fit-out) | F75: Closet | G75: CBM Millwork | I75: 1 | J75: assy | K75: A11-05 | L75: in_progress | M75: Stone tops via Stonework; door D-03 in Doors tracker
A76: 06 | B76: Millwork & Joinery | C76: Headboard | D76: 1 | E76: Headboard millwork | F76: Bedroom | G76: CBM Millwork | I76: 1 | J76: assy | K76: A11-07A/B | L76: in_progress
A77: 06 | B77: Millwork & Joinery | C77: Minibar | D77: 1 | E77: Minibar cabinetry (counter, back splash, integrated services) | F77: Minibar | G77: CBM Millwork | I77: 1 | J77: assy | K77: A11-06A/B | L77: in_progress | M77: Red Soraya top via Stonework; socket cut-out open item 17
A78: 08 | B78: Plumbing Equipment | C78: Domestic Water Piping & Valves | E78: Ball Valves | G78: Aquaram | L78: unknown
A79: 08 | B79: Plumbing Equipment | C79: Domestic Water Piping & Valves | D79: PVC elbows | E79: Insulation | H79: Micro-Lok | L79: unknown
A80: 08 | B80: Plumbing Equipment | C80: Domestic Water Piping & Valves | D80: PVC elbows | E80: Cold water service | H80: PVC SCH 40 | L80: unknown
A81: 08 | B81: Plumbing Equipment | C81: Domestic Water Piping & Valves | D81: PVC elbows | E81: Cold water distribution | H81: CPVC | L81: unknown
A82: 08 | B82: Plumbing Equipment | C82: Domestic Water Piping & Valves | D82: PVC elbows | E82: Hot water | H82: CPVC | L82: unknown
A83: 09 | B83: Pool & Water Features | C83: Balancing Tank & Specialties | D83: 3 | F3 | E83: Waterstop couplings (tank penetrations), fiberglass | F83: Balancing tank | G83: ASA | H83: FPK-88-301.5/302/303/304 | I83: 5 | J83: no | K83: F3 | L83: complete | M83: CLARIF vs shell PVC sleeve. RFI
A84: 09 | B84: Pool & Water Features | C84: Pool Bonding & Electrical | D84: 1 | H1 | E84: Equipotential bonding conductor, #8 AWG solid bare copper | F84: Pool perimeter | G84: - | H84: #8 AWG bare copper | J84: run | K84: H1 | L84: complete | M84: TBR - length per GP1-E3. NEC 680
A85: 09 | B85: Pool & Water Features | C85: Pool Fittings | D85: 4 | B4 | E85: Vacuum fitting, 2 in | F85: Pool | G85: Hayward | H85: W400BLGP LIGHT GRAY | I85: 1 | J85: no | K85: B4 | L85: complete | M85: Status OK
A86: 09 | B86: Pool & Water Features | C86: Pool Fittings | D86: 9 | B9 | E86: Waterstop sleeve fittings, PVC (2 in x11 + 1-1/2 in x1) | F86: Pool shell | G86: ASA | H86: PVC Sleeve PVC-40-302 / 301 | I86: 12 | J86: no | K86: B8 | L86: complete | M86: CLARIF - drawing 'FPK-40-302' is a typo. RFI
A87: 10 | B87: Electrical | C87: Feeders, Cable, Conduit & Ground | D87: 1 | E87: Feeders, branch cabling, conduit, containment, earthing | J87: lot | K87: GP1-E4 | L87: not_started
A88: 10 | B88: Electrical | C88: Feeders, Cable, Conduit & Ground | D88: Cable | E88: #2 AWG Cable Black (Copper) | G88: N/A | J88: FT | K88: GP1R-E4 | L88: unknown
A89: 10 | B89: Electrical | C89: Feeders, Cable, Conduit & Ground | D89: Cable | E89: #2 AWG Cable Red (Copper) | G89: N/A | J89: FT | K89: GP1R-E4 | L89: unknown
A90: 10 | B90: Electrical | C90: Feeders, Cable, Conduit & Ground | D90: Cable | E90: #2 AWG Cable White (Copper) | G90: N/A | J90: FT | K90: GP1R-E4 | L90: unknown
A91: 10 | B91: Electrical | C91: Feeders, Cable, Conduit & Ground | D91: Cable | E91: 3/0 AWG Cable Black (Copper) | G91: N/A | J91: FT | K91: GP1R-E4 | L91: unknown
A92: 10 | B92: Electrical | C92: Feeders, Cable, Conduit & Ground | D92: Cable | E92: 3/0 AWG Cable Red (Copper) | G92: N/A | J92: FT | K92: GP1R-E4 | L92: unknown
A93: 10 | B93: Electrical | C93: Feeders, Cable, Conduit & Ground | D93: Cable | E93: 3/0 AWG Cable White (Copper) | G93: N/A | J93: FT | K93: GP1R-E4 | L93: unknown
A94: 10 | B94: Electrical | C94: Feeders, Cable, Conduit & Ground | D94: Cable | E94: #6 AWG Cable Green (Copper) | G94: N/A | J94: FT | K94: GP1R-E4 | L94: unknown
A95: 10 | B95: Electrical | C95: Feeders, Cable, Conduit & Ground | D95: Cable | E95: #8 AWG Cable Green (Copper) | G95: N/A | J95: FT | K95: GP1R-E4 | L95: unknown
A96: 10 | B96: Electrical | C96: Panelboards & Distribution | D96: 1 | MGP1 | E96: Main panelboard MGP1, 120/240V 1ph 3W, 225A bus, 175AT MB, 22kAIC, NEMA 3R | F96: MEP module | G96: Square D / Siemens or eq | I96: 1 | J96: no | K96: GP1-E5 | L96: in_progress | M96: 44,065 VA connected / 184A
A97: 10 | B97: Electrical | C97: Panelboards & Distribution | D97: 2 | GP1 | E97: Sub-panel GP1, 150A bus, 80AT MB, 22kAIC, NEMA 1/2 | F97: Guest Pavilion | G97: Square D / Siemens or eq | I97: 1 | J97: no | K97: GP1-E5 | L97: in_progress | M97: 10,803 VA / 45A
A98: 10 | B98: Electrical | C98: Panelboards & Distribution | D98: 3 | E98: 225A Meter Combo, 175A MCB, NEMA 3R, 120/240V, 1PH, 3W | L98: unknown
A99: 10 | B99: Electrical | C99: Panelboards & Distribution | D99: 4 | GP1 | E99: SPD, 160KA Surge Current Rating, Multimode Protection, 80KA Per Mode, Service Entrance MCOV= 140V To 150V RMS Voltage Nominal= 240/120V, 1PH, 3W, UL Listed, Side Mounted, NEMA 3R | F99: MEP Module | I99: 1 | J99: no | K99: GP1-E5 | L99: unknown
A100: 10 | B100: Electrical | C100: Wiring Devices & Power | D100: 1 | E100: Wiring devices - switches, outlets, cover plates (general) | F100: Guestroom | J100: lot | K100: GP1-E2 | L100: not_started | M100: Lutron receptacles/faceplates tracked in Lighting (LTG-04)
...

Sheet About
A1: GP1-MUR Material Register
A3: Exported | B3: 2026-09-08 15:54 UTC
A4: Source | B4: Supabase project iygkonfuyslvgezgofby, schema gp1
A5: Tables | B5: gp1.register_item (199 rows) and the view gp1.register_coverage
A6: Read as | B6: anon over PostgREST - anything row level security hides is not here
A7: Rows last touched | B7: 2026-09-07 17:15:16 UTC
A9: Sheets
A10: Register | B10: Every row and every column of gp1.register_item, ordered by discipline then seq. Filters on, header frozen.
A11: Coverage | B11: Documentation coverage per discipline. The numbers are COUNTIFS over the Register sheet, so they follow your edits.
A12: Gaps | B12: The 128 items with neither a spec URL nor a folder URL - the work list.
A14: Reading the data
A15: Documented | B15: spec_url or folder_url is set. Nothing carries a folder_url yet, so today documented means has a datasheet.
A16: Code | B16: code_tag is verbatim from the source workbook and is NOT unique - Cable appears 8 times. The uuid is the identity.
A17: Qty (raw) | B17: Holds the original text when a quantity would not parse as a number. Empty across the board right now.
A18: Spec status | B18: complete / in_progress / not_started / unknown
A19: Approved | B19: not_started / submitted / approved / rejected / unknown
A20: Procured | B20: not_started / quoted / ordered / delivered / installed / unknown
A22: Round trip | B22: This is an export, not a link. Editing here does not change the database - the register app writes back, or re-import.
